filename,lipid_nm,aqueous_nm,roughness_A,score,rmse,correlation,matched_peaks,theo_peaks,osc_ratio
(Run)spectra_15-13-12-259.txt,89.0,4030.0,6810.0,0.6565382489403534,0.001530239395800908,0.929063669909137,5,8,1.4014634004957043
(Run)spectra_15-13-12-323.txt,49.25,2150.0,6850.0,1.0,0.0009487223725218085,0.9457160150112428,5,5,0.9310758675331081
(Run)spectra_15-13-12-377.txt,36.0,2800.0,6675.0,0.9062085148705404,0.0007770233773541649,0.923503048937874,5,7,1.4410986869192381
(Run)spectra_15-13-12-432.txt,113.0,4090.0,6985.0,0.6989347309401668,0.0009290719215941629,0.9198904627439983,3,7,1.214292233535138
(Run)spectra_15-13-12-490.txt,117.0,4350.0,7000.0,0.9133439053805952,0.0008172710309709715,0.9231059881543735,5,8,1.2110672104119955
(Run)spectra_15-13-12-540.txt,118.0,4020.0,6850.0,0.8961244275230771,0.0008044781555400198,0.9236167821649405,5,8,1.2710997026576392
